date: 18:49:58.322086,User: Daria, id: 884512852,/help
date: 2022-08-12,User: Daria, id: 884512852,/time
date: 2022-08-12, User: Daria, id: 884512852,/hello
date: 2022-08-12, User: Daria, id: 884512852,/name
date: 2022-08-12, User: Daria, id: 884512852,/name
date: 2022-08-15, User: Daria, id: 884512852,/name
date: 2022-08-15, User: Daria, id: 884512852,/hello
date: 2022-08-15, User: Daria, id: 884512852,/name
date: 2022-08-15, User: Daria, id: 884512852,/name
date: 2022-08-15, User: Daria, id: 884512852,/help
date: 2022-08-15, User: Daria, id: 884512852,/name
date: 2022-08-15, User: Daria, id: 884512852,/help
date: 2022-08-15, User: Daria, id: 884512852,/tel
